{
	"observation": [
		-0.008561516180634499,
		1.4063098430633545,
		-0.4330020546913147,
		-0.11529891937971115,
		0.009819992817938328,
		0.09707227349281311,
		0.0,
		0.0
	],
	"reward": -0.7613255006139923,
	"is_terminal": false,
	"total_reward": -0.7613255006139923,
	"game_ticks": 1
}